image_id,condition,nucleus_count,budneck_count,mother_bud_pair,early_bud_pair,single_cell
45min_after_washout_frame_000,45min_after_washout,4,12,1,2,0
45min_after_washout_frame_001,45min_after_washout,8,8,2,4,0
45min_after_washout_frame_002,45min_after_washout,5,9,2,1,0
45min_after_washout_frame_003,45min_after_washout,10,10,3,3,1
45min_after_washout_frame_004,45min_after_washout,4,10,1,2,0
45min_after_washout_frame_005,45min_after_washout,8,9,3,2,0
45min_after_washout_frame_006,45min_after_washout,8,7,3,1,1
45min_after_washout_frame_007,45min_after_washout,8,9,3,2,0
45min_after_washout_frame_008,45min_after_washout,6,6,2,2,0
45min_after_washout_frame_009,45min_after_washout,7,8,3,1,0
45min_after_washout_frame_010,45min_after_washout,5,8,1,3,0
45min_after_washout_frame_011,45min_after_washout,6,7,3,0,0
45min_after_washout_frame_012,45min_after_washout,8,8,2,4,0
45min_after_washout_frame_013,45min_after_washout,7,15,2,3,0
45min_after_washout_frame_014,45min_after_washout,6,6,2,2,0
45min_after_washout_frame_015,45min_after_washout,9,8,3,2,1
45min_after_washout_frame_016,45min_after_washout,6,6,2,2,0
45min_after_washout_frame_017,45min_after_washout,9,9,3,3,0
45min_after_washout_frame_018,45min_after_washout,11,11,4,3,0
45min_after_washout_frame_019,45min_after_washout,9,6,4,1,0
60min_after_washout_frame_000,60min_after_washout,7,10,3,1,0
60min_after_washout_frame_001,60min_after_washout,13,13,6,1,0
60min_after_washout_frame_002,60min_after_washout,11,14,5,0,1
60min_after_washout_frame_003,60min_after_washout,11,10,4,3,0
60min_after_washout_frame_004,60min_after_washout,13,11,5,2,1
60min_after_washout_frame_005,60min_after_washout,8,10,3,2,0
60min_after_washout_frame_006,60min_after_washout,11,9,4,3,0
60min_after_washout_frame_007,60min_after_washout,16,11,8,0,0
60min_after_washout_frame_008,60min_after_washout,14,12,5,2,2
60min_after_washout_frame_009,60min_after_washout,10,8,4,1,1
60min_after_washout_frame_010,60min_after_washout,14,11,6,2,0
60min_after_washout_frame_011,60min_after_washout,12,13,5,2,0
60min_after_washout_frame_012,60min_after_washout,8,7,3,2,0
60min_after_washout_frame_013,60min_after_washout,10,7,4,1,1
60min_after_washout_frame_014,60min_after_washout,13,11,5,2,1
60min_after_washout_frame_015,60min_after_washout,12,10,5,2,0
85min_after_washout_frame_000,85min_after_washout,8,8,4,0,0
85min_after_washout_frame_001,85min_after_washout,7,5,3,1,0
85min_after_washout_frame_002,85min_after_washout,10,8,5,0,0
85min_after_washout_frame_003,85min_after_washout,14,10,6,1,1
85min_after_washout_frame_004,85min_after_washout,9,10,2,4,1
85min_after_washout_frame_005,85min_after_washout,14,9,6,1,1
85min_after_washout_frame_006,85min_after_washout,9,10,0,3,6
85min_after_washout_frame_007,85min_after_washout,9,7,3,1,2
85min_after_washout_frame_008,85min_after_washout,9,5,4,0,1
85min_after_washout_frame_009,85min_after_washout,11,7,4,1,2
85min_after_washout_frame_010,85min_after_washout,14,19,4,5,1
85min_after_washout_frame_011,85min_after_washout,12,8,4,2,2
85min_after_washout_frame_012,85min_after_washout,13,10,5,3,0
85min_after_washout_frame_013,85min_after_washout,9,6,4,1,0
85min_after_washout_frame_014,85min_after_washout,13,8,6,1,0
85min_after_washout_frame_015,85min_after_washout,10,5,4,1,1
85min_after_washout_frame_016,85min_after_washout,9,9,4,1,0
85min_after_washout_frame_017,85min_after_washout,12,8,6,0,0
85min_after_washout_frame_018,85min_after_washout,9,7,3,2,1
85min_after_washout_frame_019,85min_after_washout,10,12,4,2,0
85min_after_washout_frame_020,85min_after_washout,10,8,5,0,0
85min_after_washout_frame_021,85min_after_washout,10,9,4,1,1
85min_after_washout_frame_022,85min_after_washout,10,9,4,2,0
85min_after_washout_frame_023,85min_after_washout,9,10,4,1,0
Colorado+htb2-GFP_frame_000,Colorado+htb2-GFP,16,20,6,2,2
Colorado+htb2-GFP_frame_001,Colorado+htb2-GFP,15,12,5,4,1
Colorado+htb2-GFP_frame_002,Colorado+htb2-GFP,16,16,6,3,1
Colorado+htb2-GFP_frame_003,Colorado+htb2-GFP,14,13,5,3,1
Colorado+htb2-GFP_frame_004,Colorado+htb2-GFP,15,14,5,5,0
Colorado+htb2-GFP_frame_005,Colorado+htb2-GFP,12,13,5,2,0
Colorado+htb2-GFP_frame_006,Colorado+htb2-GFP,11,13,4,3,0
Colorado+htb2-GFP_frame_007,Colorado+htb2-GFP,16,23,6,3,1
Colorado+htb2-GFP_frame_008,Colorado+htb2-GFP,11,13,5,1,0
Colorado+htb2-GFP_frame_009,Colorado+htb2-GFP,17,22,5,7,0
Colorado+htb2-GFP_frame_010,Colorado+htb2-GFP,16,15,6,4,0
Colorado+htb2-GFP_frame_011,Colorado+htb2-GFP,12,12,5,2,0
Colorado+htb2-GFP_frame_012,Colorado+htb2-GFP,16,15,6,4,0
Colorado+htb2-GFP_frame_013,Colorado+htb2-GFP,10,10,3,4,0
Colorado+htb2-GFP_frame_014,Colorado+htb2-GFP,15,17,4,4,3
Colorado+htb2-GFP_frame_015,Colorado+htb2-GFP,11,8,5,0,1
Colorado+htb2-GFP_frame_016,Colorado+htb2-GFP,19,22,7,5,0
Colorado+htb2-GFP_frame_017,Colorado+htb2-GFP,12,14,4,2,2
Colorado+htb2-GFP_frame_018,Colorado+htb2-GFP,15,16,4,5,2
Colorado+htb2-GFP_frame_019,Colorado+htb2-GFP,15,13,5,4,1
_ess_dense_frame_000,_ess_dense,12,12,4,4,0
_ess_dense_frame_001,_ess_dense,7,10,2,3,0
_ess_dense_frame_002,_ess_dense,8,13,3,2,0
_ess_dense_frame_003,_ess_dense,12,9,6,0,0
_ess_dense_frame_004,_ess_dense,8,7,3,2,0
_ess_dense_frame_005,_ess_dense,9,6,3,1,2
_ess_dense_frame_006,_ess_dense,6,10,2,2,0
_ess_dense_frame_007,_ess_dense,11,9,4,3,0
_ess_dense_frame_008,_ess_dense,9,8,4,1,0
_ess_dense_frame_009,_ess_dense,11,9,5,0,1
_ess_dense_frame_010,_ess_dense,11,9,4,3,0
_ess_dense_frame_011,_ess_dense,10,10,4,2,0
_ess_dense_frame_012,_ess_dense,8,7,3,2,0
_ess_dense_frame_013,_ess_dense,12,9,4,3,1
_ess_dense_frame_014,_ess_dense,10,14,3,4,0
_ess_dense_frame_015,_ess_dense,12,10,5,2,0
_ess_dense_frame_016,_ess_dense,9,10,3,3,0
_ess_dense_frame_017,_ess_dense,8,8,2,4,0
_ess_dense_frame_018,_ess_dense,11,14,5,1,0
_ess_dense_frame_019,_ess_dense,8,13,2,4,0
_ess_dense_frame_020,_ess_dense,11,12,4,1,2
alphafactor_arrest_frame_000,alphafactor_arrest,6,24,0,5,1
alphafactor_arrest_frame_001,alphafactor_arrest,3,23,1,1,0
alphafactor_arrest_frame_002,alphafactor_arrest,6,28,1,3,1
alphafactor_arrest_frame_003,alphafactor_arrest,9,19,3,2,1
alphafactor_arrest_frame_004,alphafactor_arrest,9,16,2,2,3
alphafactor_arrest_frame_005,alphafactor_arrest,7,11,2,2,1
alphafactor_arrest_frame_006,alphafactor_arrest,6,21,2,2,0
alphafactor_arrest_frame_007,alphafactor_arrest,4,14,1,1,1
alphafactor_arrest_frame_008,alphafactor_arrest,2,9,0,2,0
alphafactor_arrest_frame_009,alphafactor_arrest,8,23,3,2,0
alphafactor_arrest_frame_010,alphafactor_arrest,9,23,3,1,2
alphafactor_arrest_frame_011,alphafactor_arrest,4,18,1,2,0
alphafactor_arrest_frame_012,alphafactor_arrest,8,18,3,2,0
alphafactor_arrest_frame_013,alphafactor_arrest,8,26,3,1,1
alphafactor_arrest_frame_014,alphafactor_arrest,6,12,2,2,0
alphafactor_arrest_frame_015,alphafactor_arrest,5,23,1,3,0
alphafactor_arrest_frame_016,alphafactor_arrest,7,16,1,4,1
alphafactor_arrest_frame_017,alphafactor_arrest,7,26,3,1,0
alphafactor_arrest_frame_018,alphafactor_arrest,14,17,7,0,0
alphafactor_arrest_frame_019,alphafactor_arrest,6,17,2,2,0
alphafactor_arrest_frame_020,alphafactor_arrest,5,18,1,3,0
alphafactor_arrest_frame_021,alphafactor_arrest,3,17,0,2,1
alphafactor_arrest_frame_022,alphafactor_arrest,8,16,2,3,1
alphafactor_arrest_frame_023,alphafactor_arrest,8,20,1,2,4
alphafactor_arrest_frame_024,alphafactor_arrest,7,25,2,2,1
alphafactor_arrest_frame_025,alphafactor_arrest,3,17,1,1,0
alphafactor_arrest_frame_026,alphafactor_arrest,12,24,2,4,4
alphafactor_arrest_frame_027,alphafactor_arrest,1,21,0,1,0
alphafactor_arrest_frame_028,alphafactor_arrest,3,24,1,1,0
training_1_frame_000,training_1,4,4,1,2,0
training_1_frame_001,training_1,7,7,2,3,0
training_1_frame_002,training_1,5,4,2,1,0
training_1_frame_003,training_1,7,7,3,1,0
training_1_frame_004,training_1,5,8,1,3,0
training_1_frame_005,training_1,5,5,2,1,0
training_1_frame_006,training_1,6,4,2,2,0
training_1_frame_007,training_1,4,7,0,4,0
training_1_frame_008,training_1,5,5,1,3,0
training_1_frame_009,training_1,8,8,2,4,0
training_1_frame_010,training_1,6,7,2,2,0
training_1_frame_011,training_1,9,8,3,3,0
training_1_frame_012,training_1,6,6,2,2,0
training_1_frame_013,training_1,6,3,1,1,3
training_1_frame_014,training_1,15,8,6,2,1
training_1_frame_015,training_1,10,8,4,2,0
training_1_frame_016,training_1,4,6,1,2,0
training_1_frame_017,training_1,10,9,2,4,2
training_1_frame_018,training_1,7,6,3,1,0
training_1_frame_019,training_1,6,5,2,2,0
training_1_frame_020,training_1,14,11,6,2,0
training_1_frame_021,training_1,8,6,3,2,0
training_1_frame_022,training_1,7,5,2,3,0
training_1_frame_023,training_1,11,6,5,1,0
training_1_frame_024,training_1,5,5,1,3,0
training_1_frame_025,training_1,9,6,3,1,2
training_1_frame_026,training_1,8,5,3,2,0
training_1_frame_027,training_1,6,3,2,0,2
training_1_frame_028,training_1,9,6,2,3,2
training_1_frame_029,training_1,6,5,3,0,0
training_1_frame_030,training_1,9,8,3,3,0
training_1_frame_031,training_1,9,7,4,1,0
training_1_frame_032,training_1,5,2,2,0,1
training_1_frame_033,training_1,8,4,4,0,0
training_1_frame_034,training_1,6,4,3,0,0
training_1_frame_035,training_1,8,9,3,2,0
training_1_frame_036,training_1,7,2,2,0,3
training_1_frame_037,training_1,6,5,2,2,0
training_1_frame_038,training_1,6,7,1,4,0
training_1_frame_039,training_1,5,5,2,1,0
training_1_frame_040,training_1,3,5,1,1,0
training_1_frame_041,training_1,4,2,2,0,0
training_1_frame_042,training_1,9,7,4,1,0
training_1_frame_043,training_1,5,4,2,1,0
training_1_frame_044,training_1,6,4,2,2,0
training_1_frame_045,training_1,6,5,3,0,0
training_1_frame_046,training_1,8,5,3,1,1
training_1_frame_047,training_1,6,3,2,1,1
training_1_frame_048,training_1,6,2,2,0,2
training_1_frame_049,training_1,6,5,2,2,0
training_1_frame_050,training_1,5,2,1,1,2
training_1_frame_051,training_1,6,5,2,2,0
training_1_frame_052,training_1,5,3,1,2,1
training_1_frame_053,training_1,8,5,3,1,1
training_1_frame_054,training_1,8,5,3,2,0
training_1_frame_055,training_1,8,6,3,1,1
training_1_frame_056,training_1,5,3,2,0,1
training_1_frame_057,training_1,10,5,5,0,0
training_1_frame_058,training_1,5,4,2,1,0
training_1_frame_059,training_1,7,5,3,1,0
training_1_frame_060,training_1,7,9,3,1,0
training_1_frame_061,training_1,3,2,1,0,1
training_1_frame_062,training_1,4,7,1,2,0
training_1_frame_063,training_1,4,4,1,2,0
training_1_frame_064,training_1,7,4,3,1,0
training_2_frame_000,training_2,3,7,1,1,0
training_2_frame_001,training_2,6,5,2,2,0
training_2_frame_002,training_2,7,5,3,1,0
training_2_frame_003,training_2,10,6,4,2,0
training_2_frame_004,training_2,6,4,2,2,0
training_2_frame_005,training_2,5,3,1,1,2
training_2_frame_006,training_2,6,6,3,0,0
training_2_frame_007,training_2,5,6,2,1,0
training_2_frame_008,training_2,9,5,4,1,0
training_2_frame_009,training_2,6,5,3,0,0
training_2_frame_010,training_2,6,5,3,0,0
training_2_frame_011,training_2,6,2,2,0,2
training_2_frame_012,training_2,5,2,2,0,1
training_2_frame_013,training_2,9,5,4,0,1
training_2_frame_014,training_2,8,4,3,1,1
training_2_frame_015,training_2,5,3,2,1,0
training_2_frame_016,training_2,3,1,0,1,2
training_2_frame_017,training_2,7,5,3,1,0
training_2_frame_018,training_2,6,1,1,0,4
training_2_frame_019,training_2,6,3,2,1,1
training_2_frame_020,training_2,12,9,5,2,0
training_2_frame_021,training_2,6,3,2,1,1
training_2_frame_022,training_2,5,3,2,1,0
training_2_frame_023,training_2,3,3,0,3,0
training_2_frame_024,training_2,3,4,0,3,0
training_2_frame_025,training_2,5,4,2,1,0
training_2_frame_026,training_2,5,4,1,3,0
training_2_frame_027,training_2,8,4,4,0,0
training_2_frame_028,training_2,5,6,1,3,0
training_2_frame_029,training_2,4,3,0,2,2
training_2_frame_030,training_2,5,5,2,1,0
training_2_frame_031,training_2,4,4,1,2,0
training_2_frame_032,training_2,6,7,3,0,0
training_2_frame_033,training_2,6,6,3,0,0
training_2_frame_034,training_2,2,4,0,2,0
training_2_frame_035,training_2,7,7,3,1,0
training_2_frame_036,training_2,3,4,1,1,0
training_2_frame_037,training_2,7,5,2,1,2
training_2_frame_038,training_2,7,3,3,0,1
training_2_frame_039,training_2,5,7,2,1,0
training_2_frame_040,training_2,4,6,2,0,0
training_2_frame_041,training_2,6,8,1,3,1
training_2_frame_042,training_2,5,4,2,1,0
training_2_frame_043,training_2,5,5,2,1,0
training_2_frame_044,training_2,8,5,4,0,0
training_2_frame_045,training_2,5,3,2,1,0
training_2_frame_046,training_2,4,6,1,2,0
training_2_frame_047,training_2,7,6,3,1,0
training_2_frame_048,training_2,6,5,2,2,0
training_2_frame_049,training_2,7,5,3,1,0
training_2_frame_050,training_2,7,5,2,2,1
training_2_frame_051,training_2,4,3,1,2,0
training_2_frame_052,training_2,6,5,2,2,0
training_2_frame_053,training_2,5,4,2,1,0
training_2_frame_054,training_2,4,4,1,2,0
training_2_frame_055,training_2,5,10,1,3,0
training_2_frame_056,training_2,7,3,2,0,3
training_2_frame_057,training_2,8,6,3,1,1
training_2_frame_058,training_2,6,3,2,1,1
training_2_frame_059,training_2,4,3,2,0,0
training_2_frame_060,training_2,6,5,2,2,0
training_2_frame_061,training_2,5,2,2,0,1
training_2_frame_062,training_2,7,4,3,1,0
training_2_frame_063,training_2,6,9,2,2,0
training_2_frame_064,training_2,5,3,2,1,0
training_2_frame_065,training_2,10,6,4,2,0
training_2_frame_066,training_2,6,3,3,0,0
training_2_frame_067,training_2,7,5,3,1,0
training_2_frame_068,training_2,8,7,4,0,0
training_2_frame_069,training_2,7,6,3,1,0
training_2_frame_070,training_2,6,4,3,0,0
training_2_frame_071,training_2,9,6,4,1,0
training_2_frame_072,training_2,3,3,1,1,0
training_2_frame_073,training_2,7,5,3,1,0
training_2_frame_074,training_2,4,5,1,2,0
training_2_frame_075,training_2,5,4,1,1,2
training_2_frame_076,training_2,9,7,3,3,0
training_2_frame_077,training_2,6,3,3,0,0
training_2_frame_078,training_2,6,5,2,2,0
training_2_frame_079,training_2,6,5,2,2,0
training_2_frame_080,training_2,10,7,4,2,0
training_2_frame_081,training_2,6,4,3,0,0
training_2_frame_082,training_2,6,8,3,0,0
training_2_frame_083,training_2,8,7,3,2,0
training_2_frame_084,training_2,6,6,2,2,0
training_2_frame_085,training_2,10,7,4,2,0
training_2_frame_086,training_2,6,7,2,2,0
training_2_frame_087,training_2,14,10,4,0,6
training_2_frame_088,training_2,8,6,4,0,0
training_2_frame_089,training_2,7,3,3,0,1
training_2_frame_090,training_2,8,6,4,0,0
training_2_frame_091,training_2,7,4,3,1,0
training_2_frame_092,training_2,9,8,3,3,0
training_2_frame_093,training_2,7,6,3,1,0
training_2_frame_094,training_2,4,6,1,2,0
training_2_frame_095,training_2,2,7,1,0,0
training_2_frame_096,training_2,6,7,2,2,0
training_2_frame_097,training_2,10,10,4,2,0
training_2_frame_098,training_2,7,6,3,1,0
training_2_frame_099,training_2,6,11,2,2,0
training_2_frame_100,training_2,8,10,4,0,0
training_2_frame_101,training_2,5,4,2,1,0
training_2_frame_102,training_2,5,3,2,1,0
training_2_frame_103,training_2,6,7,1,3,1
training_2_frame_104,training_2,7,7,3,1,0
training_2_frame_105,training_2,5,4,2,1,0
training_2_frame_106,training_2,8,6,2,4,0
training_2_frame_107,training_2,3,5,1,1,0
training_2_frame_108,training_2,6,7,2,2,0
training_2_frame_109,training_2,8,5,3,2,0
training_2_frame_110,training_2,6,5,1,4,0
training_2_frame_111,training_2,5,4,2,1,0
training_2_frame_112,training_2,4,3,2,0,0
training_2_frame_113,training_2,5,5,1,3,0
training_2_frame_114,training_2,6,6,3,0,0
training_2_frame_115,training_2,4,4,1,2,0
